Milliseconds,Latitude,Longitude,Altitude,Speed,Speed3D,TS,GpsAccuracy,GpsFix
0,48.8639489,2.632485,81.937,0.472,0.44,1547384543874000,236,3
55,48.8639488,2.6324852,81.94,0.42,0.48,1547384543929000,236,3
110,48.8639485,2.6324855,81.931,0.534,0.43,1547384543984000,236,3
165,48.8639482,2.6324858,81.931,0.629,0.54,1547384544039000,236,3
220,48.8639476,2.6324864,81.918,0.872,0.64,1547384544094000,236,3
275,48.8639473,2.632486,81.914,0.632,0.88,1547384544149000,236,3
330,48.8639469,2.6324862,81.879,0.648,0.64,1547384544204000,236,3
385,48.8639466,2.6324866,81.873,0.714,0.66,1547384544259000,236,3
440,48.8639462,2.6324866,81.893,0.743,0.73,1547384544314000,236,3
495,48.8639457,2.6324863,81.901,0.828,0.75,1547384544369000,236,3
550,48.8639452,2.6324863,81.904,0.886,0.83,1547384544424000,236,3
605,48.8639447,2.6324864,81.884,0.893,0.89,1547384544479000,236,3
660,48.8639443,2.6324864,81.864,0.818,0.9,1547384544534000,236,3
715,48.863944,2.6324865,81.854,0.741,0.83,1547384544589000,236,3
770,48.8639438,2.6324865,81.869,0.685,0.75,1547384544644000,236,3
825,48.8639436,2.6324866,81.871,0.639,0.69,1547384544699000,236,3
880,48.8639434,2.6324865,81.871,0.552,0.65,1547384544754000,236,3
935,48.8639432,2.6324866,81.895,0.52,0.56,1547384544809000,236,3
990,48.8639431,2.6324867,81.941,0.563,0.53,1547384544864000,236,3
1045,48.8639428,2.6324865,81.973,0.57,0.57,1547384544919000,236,3
1100,48.8639427,2.6324864,81.996,0.483,0.58,1547384544974000,236,3
1155,48.8639427,2.6324866,82.013,0.403,0.49,1547384545029000,236,3
1210,48.8639427,2.6324866,82.037,0.343,0.41,1547384545084000,236,3
1265,48.8639426,2.6324867,82.015,0.269,0.35,1547384545139000,236,3
1320,48.8639424,2.6324867,82.026,0.317,0.28,1547384545194000,236,3
1375,48.8639423,2.6324869,82.057,0.35,0.32,1547384545249000,236,3
1430,48.8639423,2.6324867,82.053,0.223,0.35,1547384545304000,236,3
1485,48.8639421,2.632487,82.074,0.376,0.23,1547384545359000,236,3
1540,48.863942,2.6324875,82.091,0.489,0.38,1547384545414000,236,3
1595,48.8639419,2.632488,82.097,0.595,0.49,1547384545469000,236,3
1650,48.8639417,2.6324882,82.049,0.447,0.6,1547384545524000,236,3
1705,48.8639417,2.6324882,82.041,0.247,0.45,1547384545579000,236,3
1760,48.8639417,2.6324881,82.053,0.13,0.25,1547384545634000,236,3
1815,48.8639413,2.6324883,82.062,0.287,0.14,1547384545689000,236,3
1870,48.8639409,2.6324886,82.049,0.513,0.29,1547384545744000,236,3
1925,48.8639404,2.6324886,81.99,0.536,0.51,1547384545799000,236,3
1980,48.8639403,2.6324887,81.975,0.368,0.54,1547384545854000,236,3
2035,48.8639405,2.6324889,81.983,0.195,0.38,1547384545909000,236,3
2090,48.8639405,2.6324889,81.997,0.126,0.21,1547384545964000,236,3
2145,48.8639404,2.6324888,81.98,0.069,0.14,1547384546019000,236,3
2200,48.8639403,2.6324884,81.98,0.241,0.1,1547384546074000,236,3
2255,48.8639403,2.6324882,82.043,0.288,0.25,1547384546129000,236,3
2310,48.8639404,2.6324883,82.031,0.081,0.29,1547384546184000,236,3
2365,48.8639405,2.6324884,82.01,0.094,0.09,1547384546239000,236,3
2420,48.8639406,2.6324881,82.03,0.145,0.11,1547384546294000,236,3
2475,48.8639401,2.6324879,82.028,0.289,0.15,1547384546349000,236,3
2530,48.8639401,2.6324879,81.991,0.154,0.29,1547384546404000,236,3
2585,48.8639402,2.6324882,82.016,0.042,0.16,1547384546459000,236,3
2640,48.8639399,2.6324883,81.996,0.096,0.04,1547384546514000,236,3
2695,48.8639392,2.6324884,81.983,0.425,0.1,1547384546569000,236,3
2750,48.8639387,2.6324885,81.967,0.536,0.43,1547384546624000,236,3
2805,48.8639386,2.6324887,82.025,0.508,0.54,1547384546679000,236,3
2860,48.8639383,2.6324889,82.097,0.647,0.51,1547384546734000,236,3
2915,48.863938,2.6324894,82.163,0.822,0.65,1547384546789000,236,3
2970,48.8639376,2.6324895,82.158,0.759,0.83,1547384546844000,247,3
3025,48.8639371,2.6324896,82.203,0.926,0.76,1547384546899000,247,3
3080,48.8639364,2.6324898,82.217,1.083,0.93,1547384546954000,247,3
3135,48.8639357,2.6324898,82.245,1.212,1.09,1547384547009000,247,3
3190,48.8639351,2.6324899,82.268,1.238,1.22,1547384547064000,247,3
3245,48.8639346,2.6324902,82.27,1.173,1.24,1547384547119000,247,3
3300,48.8639341,2.6324907,82.295,1.191,1.18,1547384547174000,247,3
3355,48.8639334,2.632491,82.331,1.251,1.2,1547384547229000,247,3
3410,48.8639326,2.6324913,82.333,1.357,1.26,1547384547284000,247,3
3465,48.863932,2.6324917,82.41,1.424,1.37,1547384547339000,247,3
3520,48.8639309,2.6324921,82.454,1.698,1.44,1547384547394000,247,3
3575,48.8639295,2.6324926,82.411,1.953,1.71,1547384547449000,247,3
3630,48.8639287,2.6324931,82.417,1.876,1.96,1547384547504000,247,3
3685,48.8639277,2.6324937,82.432,1.996,1.89,1547384547559000,247,3
3740,48.8639269,2.6324946,82.536,2.139,2.01,1547384547614000,247,3
3795,48.8639257,2.6324952,82.594,2.378,2.15,1547384547669000,247,3
3850,48.8639246,2.632496,82.664,2.477,2.39,1547384547724000,247,3
3905,48.8639236,2.6324965,82.653,2.355,2.5,1547384547779000,247,3
3960,48.8639227,2.6324969,82.64,2.161,2.37,1547384547834000,247,3
4015,48.8639218,2.6324973,82.66,2.024,2.18,1547384547889000,247,3
4070,48.8639209,2.6324976,82.655,1.912,2.04,1547384547944000,247,3
4125,48.8639198,2.6324976,82.664,1.968,1.93,1547384547999000,247,3
4180,48.8639188,2.632498,82.661,2.015,1.99,1547384548054000,247,3
4235,48.8639179,2.6324983,82.664,1.994,2.03,1547384548109000,247,3
4290,48.8639171,2.6324983,82.679,1.936,2.01,1547384548164000,247,3
4345,48.8639162,2.6324984,82.696,1.881,1.95,1547384548219000,247,3
4400,48.8639151,2.6324985,82.693,1.976,1.9,1547384548274000,247,3
4455,48.863914,2.6324987,82.687,2.057,1.99,1547384548329000,247,3
4510,48.8639129,2.632499,82.721,2.183,2.07,1547384548384000,247,3
4565,48.8639117,2.6324996,82.745,2.415,2.2,1547384548439000,247,3
4620,48.8639103,2.6325,82.741,2.544,2.43,1547384548494000,247,3
4675,48.863909,2.6325001,82.738,2.421,2.56,1547384548549000,247,3
4730,48.8639079,2.6325004,82.761,2.392,2.43,1547384548604000,247,3
4785,48.8639066,2.6325009,82.762,2.507,2.4,1547384548659000,247,3
4840,48.863905,2.6325013,82.775,2.715,2.52,1547384548714000,247,3
4895,48.8639034,2.6325015,82.72,2.801,2.72,1547384548769000,247,3
4950,48.8639017,2.6325016,82.695,2.876,2.81,1547384548824000,247,3
5004,48.8639002,2.6325018,82.667,2.874,2.88,1547384548878000,247,3
5059,48.8638988,2.6325022,82.717,2.949,2.88,1547384548933000,247,3
5114,48.8638973,2.6325027,82.723,2.921,2.96,1547384548988000,247,3
5169,48.863896,2.6325031,82.709,2.812,2.93,1547384549043000,247,3
5224,48.8638946,2.6325031,82.694,2.751,2.82,1547384549098000,247,3
5279,48.8638931,2.6325034,82.687,2.835,2.76,1547384549153000,247,3
5334,48.8638915,2.6325038,82.683,2.944,2.84,1547384549208000,247,3
5389,48.8638904,2.6325041,82.686,2.722,2.95,1547384549263000,247,3
5444,48.8638892,2.6325038,82.673,2.517,2.73,1547384549318000,247,3
5499,48.8638875,2.6325036,82.641,2.718,2.52,1547384549373000,247,3
5555,48.863886,2.6325037,82.622,2.74,2.72,1547384549429000,247,3
5609,48.8638848,2.6325036,82.615,2.639,2.74,1547384549483000,247,3
5664,48.8638834,2.6325033,82.607,2.668,2.64,1547384549538000,247,3
5719,48.863882,2.6325029,82.626,2.712,2.67,1547384549593000,247,3
5775,48.8638806,2.6325027,82.66,2.757,2.71,1547384549649000,247,3
5829,48.8638792,2.6325028,82.663,2.764,2.76,1547384549703000,247,3
5884,48.8638779,2.6325028,82.649,2.679,2.77,1547384549758000,247,3
5939,48.8638766,2.6325026,82.661,2.645,2.68,1547384549813000,247,3
5995,48.8638753,2.6325022,82.694,2.719,2.65,1547384549869000,247,3
6050,48.863874,2.6325021,82.698,2.685,2.72,1547384549924000,247,3
6105,48.8638726,2.6325021,82.677,2.705,2.69,1547384549979000,247,3
6160,48.8638712,2.6325017,82.689,2.685,2.71,1547384550034000,247,3
6215,48.8638702,2.6325013,82.712,2.572,2.69,1547384550089000,247,3
6270,48.8638689,2.632501,82.712,2.569,2.57,1547384550144000,247,3
6325,48.8638677,2.6325008,82.702,2.526,2.57,1547384550199000,247,3
6380,48.863866,2.6325006,82.663,2.716,2.53,1547384550254000,247,3
6435,48.8638646,2.6325,82.658,2.728,2.72,1547384550309000,247,3
6490,48.8638634,2.6324995,82.673,2.667,2.73,1547384550364000,247,3
6545,48.863862,2.6324988,82.664,2.75,2.67,1547384550419000,247,3
6600,48.8638605,2.632498,82.648,2.869,2.75,1547384550474000,247,3
6655,48.8638591,2.6324969,82.669,3.001,2.87,1547384550529000,247,3
6710,48.8638574,2.632496,82.63,3.146,3,1547384550584000,247,3
6765,48.8638559,2.6324954,82.652,3.142,3.15,1547384550639000,247,3
6820,48.8638543,2.6324946,82.657,3.261,3.14,1547384550694000,247,3
6875,48.8638527,2.6324936,82.628,3.278,3.26,1547384550749000,247,3
6930,48.8638513,2.6324929,82.668,3.238,3.28,1547384550804000,247,3
6985,48.8638497,2.6324925,82.65,3.189,3.24,1547384550859000,247,3
7040,48.8638481,2.6324923,82.642,3.2,3.19,1547384550914000,247,3
7095,48.8638464,2.6324918,82.638,3.28,3.2,1547384550969000,247,3
7150,48.863845,2.6324914,82.66,3.243,3.28,1547384551024000,247,3
7205,48.8638433,2.6324907,82.644,3.311,3.24,1547384551079000,247,3
7260,48.8638416,2.63249,82.632,3.391,3.31,1547384551134000,247,3
7315,48.8638401,2.6324895,82.672,3.409,3.39,1547384551189000,247,3
7370,48.8638385,2.6324891,82.665,3.37,3.41,1547384551244000,247,3
7425,48.863837,2.6324886,82.636,3.369,3.37,1547384551299000,247,3
7480,48.8638354,2.6324879,82.661,3.415,3.37,1547384551354000,247,3
7535,48.8638337,2.6324872,82.677,3.496,3.42,1547384551409000,247,3
7590,48.8638319,2.6324867,82.677,3.527,3.5,1547384551464000,247,3
7645,48.8638301,2.6324861,82.641,3.579,3.53,1547384551519000,247,3
7700,48.8638283,2.6324856,82.616,3.592,3.58,1547384551574000,247,3
7755,48.8638265,2.6324851,82.615,3.654,3.59,1547384551629000,247,3
7810,48.8638246,2.6324847,82.603,3.696,3.65,1547384551684000,247,3
7865,48.8638227,2.6324843,82.602,3.742,3.7,1547384551739000,247,3
7920,48.8638208,2.632484,82.589,3.79,3.74,1547384551794000,247,3
7975,48.863819,2.6324837,82.601,3.718,3.79,1547384551849000,236,3
8029,48.8638171,2.6324834,82.647,3.733,3.72,1547384551903000,236,3
8084,48.8638151,2.6324831,82.654,3.847,3.73,1547384551958000,236,3
8139,48.8638132,2.6324829,82.658,3.877,3.85,1547384552013000,236,3
8194,48.8638111,2.6324826,82.635,3.928,3.88,1547384552068000,236,3
8249,48.8638089,2.6324823,82.577,4.007,3.93,1547384552123000,236,3
8304,48.8638068,2.6324819,82.555,4.104,4.01,1547384552178000,236,3
8359,48.8638049,2.6324816,82.568,4.024,4.1,1547384552233000,236,3
8414,48.8638032,2.6324814,82.577,3.856,4.02,1547384552288000,236,3
8469,48.8638011,2.6324809,82.56,3.962,3.86,1547384552343000,236,3
8524,48.8637989,2.6324803,82.553,4.18,3.96,1547384552398000,236,3
8580,48.8637967,2.6324798,82.554,4.268,4.18,1547384552454000,236,3
8634,48.8637945,2.632479,82.542,4.309,4.27,1547384552508000,236,3
8689,48.8637925,2.6324783,82.566,4.288,4.31,1547384552563000,236,3
8744,48.8637905,2.632478,82.582,4.246,4.29,1547384552618000,236,3
8800,48.8637884,2.6324777,82.583,4.254,4.25,1547384552674000,236,3
8854,48.8637862,2.6324771,82.566,4.276,4.25,1547384552728000,236,3
8909,48.8637842,2.6324764,82.556,4.263,4.28,1547384552783000,236,3
8964,48.8637821,2.6324758,82.542,4.268,4.26,1547384552838000,236,3
9020,48.8637798,2.6324752,82.529,4.401,4.27,1547384552894000,236,3
9075,48.8637774,2.6324743,82.501,4.459,4.4,1547384552949000,236,3
9130,48.8637754,2.6324738,82.48,4.352,4.46,1547384553004000,236,3
9185,48.8637731,2.6324735,82.487,4.453,4.35,1547384553059000,236,3
9240,48.863771,2.6324731,82.507,4.439,4.45,1547384553114000,236,3
9295,48.8637687,2.632473,82.535,4.575,4.44,1547384553169000,236,3
9350,48.8637663,2.632473,82.516,4.672,4.58,1547384553224000,236,3
9405,48.8637638,2.6324729,82.478,4.69,4.67,1547384553279000,236,3
9460,48.8637616,2.6324728,82.482,4.669,4.69,1547384553334000,236,3
9515,48.8637594,2.6324727,82.475,4.58,4.67,1547384553389000,236,3
9570,48.8637569,2.6324727,82.484,4.694,4.58,1547384553444000,236,3
9625,48.8637543,2.6324727,82.475,4.859,4.69,1547384553499000,236,3
9680,48.8637518,2.6324725,82.485,4.944,4.86,1547384553554000,236,3
9735,48.8637495,2.6324725,82.491,4.834,4.94,1547384553609000,236,3
9790,48.8637472,2.6324723,82.513,4.816,4.83,1547384553664000,236,3
9845,48.8637447,2.6324723,82.528,4.882,4.82,1547384553719000,236,3
9900,48.8637421,2.6324722,82.557,4.99,4.88,1547384553774000,236,3
9955,48.8637397,2.6324719,82.597,4.987,4.99,1547384553829000,236,3
10010,48.8637374,2.6324716,82.669,4.905,4.99,1547384553884000,236,3
10065,48.8637351,2.6324712,82.686,4.771,4.91,1547384553939000,236,3
10120,48.8637327,2.6324707,82.671,4.758,4.77,1547384553994000,236,3
10175,48.8637304,2.6324701,82.691,4.782,4.76,1547384554049000,236,3
10230,48.8637281,2.6324696,82.665,4.732,4.78,1547384554104000,236,3
10285,48.8637257,2.6324692,82.638,4.709,4.73,1547384554159000,236,3
10340,48.8637234,2.6324688,82.648,4.711,4.71,1547384554214000,236,3
10395,48.8637211,2.6324685,82.702,4.794,4.71,1547384554269000,236,3
10450,48.8637187,2.6324682,82.693,4.807,4.79,1547384554324000,236,3
10505,48.8637161,2.632468,82.653,4.931,4.81,1547384554379000,236,3
10560,48.8637136,2.6324677,82.616,4.912,4.93,1547384554434000,236,3
10615,48.8637111,2.6324674,82.583,4.925,4.91,1547384554489000,236,3
10670,48.8637087,2.6324671,82.576,4.878,4.92,1547384554544000,236,3
10725,48.8637063,2.6324667,82.601,4.941,4.88,1547384554599000,236,3
10780,48.8637037,2.6324665,82.589,5.009,4.94,1547384554654000,236,3
10835,48.8637012,2.6324664,82.582,5.04,5.01,1547384554709000,236,3
10890,48.8636986,2.6324662,82.584,5.072,5.04,1547384554764000,236,3
10945,48.8636962,2.6324662,82.651,5.163,5.07,1547384554819000,236,3
11000,48.8636936,2.6324661,82.674,5.227,5.16,1547384554874000,236,3
11055,48.8636911,2.6324657,82.676,5.155,5.23,1547384554929000,236,3
11110,48.8636886,2.6324653,82.667,5.072,5.16,1547384554984000,236,3
11165,48.863686,2.6324653,82.687,5.155,5.07,1547384555039000,236,3
11220,48.8636835,2.632465,82.716,5.24,5.15,1547384555094000,236,3
11275,48.8636809,2.6324649,82.725,5.281,5.24,1547384555149000,236,3
11330,48.8636784,2.6324649,82.733,5.178,5.28,1547384555204000,236,3
11385,48.8636759,2.6324645,82.755,5.119,5.18,1547384555259000,236,3
11440,48.8636733,2.6324647,82.765,5.182,5.12,1547384555314000,236,3
11495,48.8636708,2.6324648,82.784,5.198,5.18,1547384555369000,236,3
11550,48.8636681,2.6324648,82.801,5.313,5.2,1547384555424000,236,3
11605,48.8636652,2.6324647,82.802,5.44,5.31,1547384555479000,236,3
11660,48.8636625,2.6324647,82.785,5.444,5.44,1547384555534000,236,3
11715,48.8636597,2.6324649,82.796,5.473,5.44,1547384555589000,236,3
11770,48.863657,2.6324653,82.806,5.494,5.47,1547384555644000,236,3
11825,48.8636542,2.6324657,82.818,5.567,5.49,1547384555699000,236,3
11880,48.8636513,2.6324658,82.805,5.588,5.57,1547384555754000,236,3
11935,48.8636483,2.632466,82.779,5.65,5.59,1547384555809000,236,3
11989,48.8636453,2.6324663,82.794,5.769,5.65,1547384555863000,236,3
12044,48.8636423,2.6324667,82.788,5.877,5.77,1547384555918000,236,3
12099,48.8636393,2.6324671,82.792,5.899,5.88,1547384555973000,236,3
12154,48.8636365,2.6324673,82.797,5.829,5.9,1547384556028000,236,3
12209,48.8636335,2.6324673,82.806,5.857,5.83,1547384556083000,236,3
12264,48.8636306,2.6324673,82.837,5.906,5.86,1547384556138000,236,3
12319,48.8636276,2.6324675,82.827,5.979,5.91,1547384556193000,236,3
12374,48.8636244,2.6324676,82.813,6.056,5.98,1547384556248000,236,3
12429,48.8636214,2.6324678,82.819,6.074,6.06,1547384556303000,236,3
12484,48.8636182,2.632468,82.813,6.193,6.07,1547384556358000,236,3
12540,48.8636148,2.6324681,82.796,6.416,6.19,1547384556414000,236,3
12594,48.8636115,2.632468,82.79,6.45,6.42,1547384556468000,236,3
12649,48.8636083,2.6324678,82.776,6.401,6.45,1547384556523000,236,3
12704,48.8636051,2.6324676,82.775,6.422,6.4,1547384556578000,236,3
12760,48.8636019,2.6324676,82.752,6.411,6.42,1547384556634000,236,3
12814,48.8635987,2.6324675,82.757,6.383,6.41,1547384556688000,236,3
12869,48.8635953,2.6324673,82.729,6.49,6.38,1547384556743000,236,3
12924,48.8635919,2.6324671,82.7,6.58,6.49,1547384556798000,236,3
12980,48.8635886,2.6324671,82.727,6.681,6.58,1547384556854000,236,3
13035,48.8635853,2.632467,82.75,6.667,6.68,1547384556909000,236,3
13090,48.8635823,2.6324666,82.793,6.557,6.67,1547384556964000,236,3
13145,48.863579,2.632466,82.762,6.526,6.56,1547384557019000,236,3
13200,48.8635756,2.6324656,82.713,6.591,6.53,1547384557074000,236,3
13255,48.8635724,2.6324653,82.661,6.44,6.59,1547384557129000,236,3
13310,48.8635691,2.6324649,82.636,6.44,6.44,1547384557184000,236,3
13365,48.8635657,2.6324647,82.613,6.568,6.44,1547384557239000,236,3
13420,48.863562,2.6324646,82.566,6.724,6.57,1547384557294000,236,3
13475,48.8635583,2.6324643,82.57,6.983,6.72,1547384557349000,236,3
13530,48.8635549,2.632464,82.601,6.975,6.98,1547384557404000,236,3
13585,48.8635517,2.6324636,82.646,6.889,6.98,1547384557459000,236,3
13640,48.8635481,2.6324634,82.649,6.953,6.89,1547384557514000,236,3
13695,48.8635445,2.6324633,82.67,7.087,6.95,1547384557569000,236,3
13750,48.863541,2.6324631,82.691,7.1,7.09,1547384557624000,236,3
13805,48.8635375,2.6324628,82.692,7.104,7.1,1547384557679000,236,3
13860,48.8635341,2.6324627,82.73,7.075,7.1,1547384557734000,236,3
13915,48.8635305,2.6324625,82.759,7.168,7.08,1547384557789000,236,3
13970,48.8635271,2.6324621,82.767,7.12,7.17,1547384557844000,236,3
14024,48.8635237,2.6324618,82.784,6.998,7.12,1547384557898000,236,3
14079,48.8635203,2.6324616,82.759,6.939,7,1547384557953000,236,3
14134,48.8635169,2.6324612,82.804,7.01,6.94,1547384558008000,236,3
14189,48.8635131,2.6324609,82.757,7.106,7.01,1547384558063000,236,3
14244,48.8635094,2.6324606,82.725,7.197,7.11,1547384558118000,236,3
14299,48.8635058,2.6324602,82.706,7.152,7.2,1547384558173000,236,3
14354,48.8635023,2.6324597,82.714,7.151,7.15,1547384558228000,236,3
14409,48.8634986,2.6324593,82.69,7.211,7.15,1547384558283000,236,3
14464,48.8634949,2.6324588,82.629,7.171,7.21,1547384558338000,236,3
14519,48.8634915,2.6324582,82.633,7.137,7.17,1547384558393000,236,3
14575,48.8634879,2.6324577,82.636,7.212,7.14,1547384558449000,236,3
14629,48.8634842,2.6324573,82.606,7.24,7.21,1547384558503000,236,3
14684,48.8634805,2.6324567,82.601,7.316,7.24,1547384558558000,236,3
14739,48.8634767,2.6324562,82.605,7.434,7.32,1547384558613000,236,3
14795,48.8634728,2.6324558,82.594,7.578,7.43,1547384558669000,236,3
14849,48.863469,2.6324555,82.581,7.575,7.58,1547384558723000,236,3
14904,48.8634654,2.6324552,82.584,7.477,7.58,1547384558778000,236,3
14959,48.8634617,2.6324548,82.582,7.473,7.48,1547384558833000,236,3
15015,48.8634578,2.6324545,82.57,7.576,7.47,1547384558889000,236,3
15070,48.8634542,2.6324543,82.597,7.547,7.58,1547384558944000,236,3
15125,48.8634504,2.6324539,82.605,7.574,7.55,1547384558999000,236,3
15180,48.8634463,2.6324533,82.585,7.76,7.57,1547384559054000,236,3
15235,48.8634423,2.6324531,82.595,7.843,7.76,1547384559109000,236,3
15290,48.8634385,2.6324529,82.615,7.804,7.84,1547384559164000,236,3
15345,48.8634348,2.632453,82.646,7.711,7.8,1547384559219000,236,3
15400,48.8634311,2.6324529,82.667,7.63,7.71,1547384559274000,236,3
15455,48.8634271,2.6324528,82.658,7.718,7.63,1547384559329000,236,3
15510,48.8634232,2.6324526,82.692,7.825,7.72,1547384559384000,236,3
15565,48.8634193,2.6324524,82.696,7.812,7.83,1547384559439000,236,3
15620,48.8634155,2.6324524,82.719,7.818,7.81,1547384559494000,236,3
15675,48.8634117,2.6324523,82.76,7.788,7.82,1547384559549000,236,3
15730,48.863408,2.6324525,82.809,7.801,7.79,1547384559604000,236,3
15785,48.8634042,2.6324531,82.845,7.812,7.8,1547384559659000,236,3
15840,48.8634007,2.6324539,82.862,7.592,7.81,1547384559714000,236,3
15895,48.8633972,2.6324545,82.857,7.302,7.59,1547384559769000,236,3
15950,48.8633936,2.6324548,82.851,7.248,7.3,1547384559824000,236,3
16005,48.8633899,2.6324548,82.867,7.331,7.25,1547384559879000,236,3
16060,48.8633861,2.6324549,82.896,7.467,7.33,1547384559934000,236,3
16115,48.8633823,2.6324553,82.931,7.575,7.47,1547384559989000,236,3
16170,48.8633784,2.6324557,82.943,7.685,7.58,1547384560044000,236,3
16225,48.8633743,2.6324559,82.905,7.74,7.69,1547384560099000,236,3
16280,48.8633705,2.6324562,82.901,7.717,7.74,1547384560154000,236,3
16335,48.8633665,2.6324565,82.886,7.781,7.72,1547384560209000,236,3
16390,48.8633625,2.6324566,82.865,7.857,7.78,1547384560264000,236,3
16445,48.8633585,2.6324569,82.858,7.943,7.86,1547384560319000,236,3
16500,48.8633546,2.632457,82.865,7.921,7.94,1547384560374000,236,3
16555,48.8633506,2.6324572,82.865,7.963,7.92,1547384560429000,236,3
16610,48.8633467,2.6324573,82.85,7.926,7.96,1547384560484000,236,3
16665,48.8633424,2.6324574,82.802,8.056,7.93,1547384560539000,236,3
16720,48.8633382,2.6324572,82.791,8.143,8.06,1547384560594000,236,3
16775,48.8633341,2.632457,82.849,8.255,8.14,1547384560649000,236,3
16830,48.8633302,2.6324569,82.861,8.185,8.26,1547384560704000,236,3
16885,48.863326,2.6324568,82.841,8.178,8.19,1547384560759000,236,3
16940,48.8633218,2.6324568,82.854,8.204,8.18,1547384560814000,236,3
16994,48.8633178,2.6324567,82.836,8.163,8.2,1547384560868000,236,3
17049,48.8633135,2.6324565,82.809,8.238,8.16,1547384560923000,236,3
17104,48.8633094,2.6324565,82.816,8.301,8.24,1547384560978000,236,3
17159,48.8633051,2.6324567,82.792,8.34,8.3,1547384561033000,236,3
17214,48.8633009,2.6324571,82.789,8.391,8.34,1547384561088000,236,3
17269,48.8632969,2.6324572,82.809,8.354,8.39,1547384561143000,236,3
17324,48.8632926,2.632457,82.821,8.485,8.35,1547384561198000,236,3
17379,48.8632884,2.6324568,82.836,8.505,8.49,1547384561253000,236,3
17434,48.8632843,2.6324568,82.819,8.395,8.5,1547384561308000,236,3
17489,48.8632801,2.6324569,82.817,8.418,8.39,1547384561363000,236,3
17545,48.8632759,2.6324567,82.832,8.445,8.42,1547384561419000,236,3
17599,48.8632719,2.6324563,82.852,8.392,8.45,1547384561473000,236,3
17654,48.8632676,2.6324563,82.833,8.424,8.39,1547384561528000,236,3
17709,48.8632631,2.6324563,82.799,8.568,8.42,1547384561583000,236,3
17765,48.8632589,2.632456,82.79,8.564,8.57,1547384561639000,236,3
17819,48.8632546,2.6324558,82.787,8.635,8.56,1547384561693000,236,3
17874,48.8632502,2.6324556,82.761,8.623,8.64,1547384561748000,236,3
17929,48.8632459,2.6324556,82.754,8.671,8.62,1547384561803000,236,3
17985,48.8632414,2.6324556,82.757,8.77,8.67,1547384561859000,236,3
18040,48.8632371,2.6324557,82.747,8.758,8.77,1547384561914000,236,3
18095,48.8632327,2.6324557,82.751,8.785,8.76,1547384561969000,236,3
18150,48.8632284,2.6324556,82.772,8.842,8.79,1547384562024000,236,3
18205,48.863224,2.6324556,82.789,8.86,8.84,1547384562079000,236,3
18260,48.8632195,2.6324556,82.779,8.976,8.86,1547384562134000,236,3
18315,48.863215,2.6324558,82.768,8.989,8.98,1547384562189000,236,3
18370,48.8632105,2.632456,82.755,8.97,8.99,1547384562244000,236,3
18425,48.863206,2.6324562,82.758,8.99,8.97,1547384562299000,236,3
18480,48.8632014,2.6324566,82.753,9.029,8.99,1547384562354000,236,3
18535,48.8631969,2.6324569,82.748,9.049,9.03,1547384562409000,236,3
18590,48.8631923,2.6324573,82.76,9.16,9.05,1547384562464000,236,3
18645,48.8631877,2.6324576,82.785,9.314,9.16,1547384562519000,236,3
18700,48.8631832,2.6324577,82.797,9.242,9.31,1547384562574000,236,3
18755,48.8631787,2.6324579,82.814,9.156,9.24,1547384562629000,236,3
18810,48.863174,2.6324582,82.822,9.269,9.16,1547384562684000,236,3
18865,48.8631692,2.6324585,82.786,9.313,9.27,1547384562739000,236,3
18920,48.8631646,2.6324587,82.791,9.322,9.31,1547384562794000,236,3
18975,48.86316,2.632459,82.782,9.331,9.32,1547384562849000,236,3
19030,48.8631552,2.6324592,82.783,9.424,9.33,1547384562904000,236,3
19085,48.8631506,2.6324591,82.79,9.398,9.42,1547384562959000,236,3
19140,48.8631459,2.6324592,82.781,9.433,9.4,1547384563014000,236,3
19195,48.8631412,2.6324593,82.759,9.362,9.43,1547384563069000,236,3
19250,48.8631365,2.6324593,82.744,9.398,9.36,1547384563124000,236,3
19305,48.8631319,2.6324594,82.743,9.362,9.4,1547384563179000,236,3
19360,48.8631273,2.6324596,82.726,9.309,9.36,1547384563234000,236,3
19415,48.8631226,2.63246,82.696,9.32,9.31,1547384563289000,236,3
19470,48.8631179,2.6324605,82.666,9.335,9.32,1547384563344000,236,3
19525,48.8631133,2.6324604,82.675,9.324,9.33,1547384563399000,236,3
19580,48.8631088,2.6324601,82.714,9.285,9.32,1547384563454000,236,3
19635,48.8631044,2.63246,82.777,9.262,9.29,1547384563509000,236,3
19690,48.8630998,2.6324599,82.759,9.216,9.26,1547384563564000,236,3
19745,48.8630951,2.6324599,82.741,9.302,9.22,1547384563619000,236,3
19800,48.8630903,2.6324602,82.76,9.473,9.3,1547384563674000,236,3
19855,48.8630857,2.6324604,82.81,9.553,9.47,1547384563729000,236,3
19910,48.8630809,2.6324604,82.838,9.599,9.55,1547384563784000,236,3
19965,48.8630763,2.6324603,82.857,9.535,9.6,1547384563839000,236,3
20019,48.8630717,2.6324604,82.891,9.521,9.54,1547384563893000,236,3
20074,48.8630671,2.6324605,82.926,9.505,9.52,1547384563948000,236,3
20129,48.8630626,2.6324606,82.973,9.475,9.5,1547384564003000,236,3
20184,48.8630582,2.6324606,82.978,9.319,9.48,1547384564058000,236,3
20239,48.8630537,2.6324607,82.988,9.191,9.32,1547384564113000,236,3
20294,48.8630493,2.6324609,82.983,9.086,9.19,1547384564168000,236,3
20349,48.8630447,2.6324613,82.988,9.134,9.09,1547384564223000,236,3
20404,48.8630401,2.6324618,82.962,9.12,9.13,1547384564278000,236,3
20459,48.8630358,2.632462,82.963,8.958,9.12,1547384564333000,236,3
20514,48.8630314,2.6324621,82.953,8.898,8.96,1547384564388000,236,3
20570,48.8630271,2.6324621,82.979,8.848,8.9,1547384564444000,236,3
20624,48.8630227,2.6324623,82.988,8.857,8.85,1547384564498000,236,3
20679,48.8630182,2.6324629,82.979,8.89,8.86,1547384564553000,236,3
20734,48.8630138,2.6324632,82.961,8.826,8.89,1547384564608000,236,3
20790,48.8630094,2.6324635,82.965,8.828,8.83,1547384564664000,236,3
20844,48.8630048,2.6324638,82.96,8.955,8.83,1547384564718000,236,3
20899,48.8630004,2.6324638,82.96,8.915,8.96,1547384564773000,236,3
20954,48.8629959,2.6324636,82.942,8.875,8.92,1547384564828000,236,3
21010,48.8629913,2.6324636,82.907,8.934,8.88,1547384564884000,236,3
21065,48.8629869,2.6324636,82.905,8.915,8.93,1547384564939000,236,3
21120,48.8629824,2.6324635,82.917,8.94,8.92,1547384564994000,236,3
21175,48.8629778,2.6324635,82.903,9.033,8.94,1547384565049000,236,3
21230,48.8629732,2.6324637,82.906,9.105,9.03,1547384565104000,236,3
21285,48.8629688,2.632464,82.925,9.082,9.11,1547384565159000,236,3
21340,48.8629643,2.6324642,82.964,9.182,9.08,1547384565214000,236,3
21395,48.8629596,2.6324644,82.967,9.304,9.18,1547384565269000,236,3
21450,48.8629552,2.6324645,83.055,9.375,9.3,1547384565324000,236,3
21505,48.862951,2.6324644,83.127,9.256,9.37,1547384565379000,236,3
21560,48.8629466,2.6324645,83.163,9.159,9.26,1547384565434000,236,3
21615,48.862942,2.6324648,83.165,9.201,9.16,1547384565489000,236,3
21670,48.8629374,2.6324648,83.165,9.234,9.2,1547384565544000,236,3
21725,48.862933,2.6324647,83.21,9.223,9.23,1547384565599000,236,3
21780,48.8629287,2.6324648,83.235,9.068,9.22,1547384565654000,236,3
21835,48.8629243,2.6324649,83.248,8.997,9.07,1547384565709000,236,3
21890,48.8629198,2.632465,83.225,9.022,9,1547384565764000,236,3
21945,48.8629154,2.6324651,83.208,8.947,9.02,1547384565819000,236,3
22000,48.8629111,2.6324654,83.241,8.862,8.95,1547384565874000,236,3
22055,48.862907,2.6324656,83.262,8.701,8.86,1547384565929000,236,3
22110,48.8629028,2.6324651,83.247,8.604,8.7,1547384565984000,236,3
22165,48.8628985,2.6324651,83.22,8.64,8.6,1547384566039000,236,3
22220,48.8628942,2.6324649,83.188,8.555,8.64,1547384566094000,236,3
22275,48.8628899,2.6324648,83.186,8.57,8.56,1547384566149000,236,3
22330,48.8628855,2.632465,83.204,8.711,8.57,1547384566204000,236,3
22385,48.8628809,2.6324654,83.133,8.79,8.71,1547384566259000,236,3
22440,48.8628762,2.6324652,83.101,8.87,8.79,1547384566314000,236,3
22495,48.8628718,2.632465,83.116,8.934,8.87,1547384566369000,236,3
22550,48.8628674,2.6324649,83.149,8.987,8.93,1547384566424000,236,3
22605,48.862863,2.6324653,83.137,8.861,8.99,1547384566479000,236,3
22660,48.8628584,2.6324658,83.088,8.87,8.86,1547384566534000,236,3
22715,48.8628539,2.6324662,83.061,8.942,8.87,1547384566589000,236,3
22770,48.8628493,2.6324664,83.045,9.035,8.94,1547384566644000,236,3
22825,48.8628449,2.6324663,83.012,9.044,9.03,1547384566699000,236,3
22880,48.8628408,2.6324666,83.052,8.93,9.04,1547384566754000,236,3
22935,48.8628365,2.6324668,83.052,8.901,8.93,1547384566809000,235,3
22989,48.8628322,2.6324674,83.072,8.929,8.9,1547384566863000,235,3
23044,48.8628278,2.6324681,83.115,8.966,8.93,1547384566918000,235,3
23099,48.8628236,2.6324686,83.135,8.894,8.97,1547384566973000,235,3
23154,48.8628192,2.632469,83.164,8.907,8.89,1547384567028000,235,3
23209,48.8628149,2.6324694,83.199,8.864,8.91,1547384567083000,235,3
23264,48.8628107,2.63247,83.202,8.774,8.86,1547384567138000,235,3
23319,48.8628063,2.6324707,83.154,8.663,8.77,1547384567193000,235,3
23374,48.8628019,2.6324717,83.108,8.708,8.66,1547384567248000,235,3
23429,48.8627975,2.6324723,83.088,8.738,8.71,1547384567303000,235,3
23484,48.8627928,2.6324726,83.058,8.888,8.74,1547384567358000,235,3
23540,48.8627886,2.6324728,83.092,8.735,8.89,1547384567414000,235,3
23594,48.8627844,2.6324729,83.092,8.631,8.73,1547384567468000,235,3
23649,48.8627801,2.6324732,83.093,8.67,8.63,1547384567523000,235,3
23704,48.8627755,2.6324734,83.075,8.789,8.67,1547384567578000,235,3
23760,48.8627713,2.6324738,83.094,8.691,8.79,1547384567634000,235,3
23814,48.862767,2.6324744,83.136,8.72,8.69,1547384567688000,235,3
23869,48.8627624,2.6324753,83.096,8.857,8.72,1547384567743000,235,3
23924,48.8627577,2.6324763,83.082,9.072,8.86,1547384567798000,235,3
23980,48.8627531,2.6324771,83.067,9.102,9.07,1547384567854000,235,3
24035,48.8627488,2.6324776,83.11,9.055,9.1,1547384567909000,235,3
24090,48.8627446,2.6324778,83.148,8.888,9.05,1547384567964000,235,3
24145,48.8627402,2.6324782,83.206,8.978,8.89,1547384568019000,235,3
24200,48.8627359,2.6324786,83.259,8.978,8.98,1547384568074000,235,3
24255,48.8627316,2.632479,83.275,8.881,8.98,1547384568129000,235,3
24310,48.8627271,2.6324795,83.242,8.792,8.88,1547384568184000,235,3
24365,48.8627229,2.6324798,83.208,8.54,8.79,1547384568239000,235,3
24420,48.8627186,2.6324801,83.153,8.435,8.54,1547384568294000,235,3
24475,48.8627143,2.6324805,83.116,8.472,8.43,1547384568349000,235,3
24530,48.8627096,2.6324812,83.064,8.689,8.47,1547384568404000,235,3
24585,48.8627052,2.6324819,83.023,8.725,8.69,1547384568459000,235,3
24640,48.8627011,2.6324816,83.023,8.588,8.72,1547384568514000,235,3
24695,48.8626968,2.6324817,83.05,8.666,8.59,1547384568569000,235,3
24750,48.8626922,2.6324821,83.035,8.952,8.67,1547384568624000,235,3
24805,48.8626876,2.6324826,83.05,9.14,8.95,1547384568679000,235,3
24860,48.8626831,2.6324833,83.089,9.135,9.14,1547384568734000,235,3
24915,48.8626784,2.6324842,83.101,9.216,9.14,1547384568789000,235,3
24970,48.8626737,2.632485,83.095,9.274,9.22,1547384568844000,235,3
25025,48.862669,2.632486,83.099,9.268,9.27,1547384568899000,235,3
25080,48.8626643,2.632487,83.101,9.305,9.27,1547384568954000,235,3
25135,48.8626597,2.6324875,83.12,9.329,9.3,1547384569009000,235,3
25190,48.8626553,2.6324876,83.166,9.314,9.33,1547384569064000,235,3
25245,48.8626508,2.6324877,83.172,9.167,9.31,1547384569119000,235,3
25300,48.8626464,2.632488,83.204,9.121,9.17,1547384569174000,235,3
25355,48.8626419,2.6324884,83.205,9.085,9.12,1547384569229000,235,3
25410,48.8626373,2.6324893,83.202,9.107,9.08,1547384569284000,235,3
25465,48.8626327,2.6324903,83.198,9.109,9.11,1547384569339000,235,3
25520,48.862628,2.6324907,83.212,9.218,9.11,1547384569394000,235,3
25575,48.8626234,2.632491,83.257,9.3,9.22,1547384569449000,235,3
25630,48.8626188,2.6324913,83.283,9.339,9.3,1547384569504000,235,3
25685,48.8626143,2.6324919,83.283,9.265,9.34,1547384569559000,235,3
25740,48.8626097,2.6324924,83.297,9.295,9.27,1547384569614000,235,3
25795,48.8626052,2.6324928,83.296,9.264,9.3,1547384569669000,235,3
25850,48.8626007,2.6324935,83.291,9.213,9.26,1547384569724000,235,3
25905,48.8625961,2.632494,83.265,9.176,9.21,1547384569779000,235,3
25960,48.8625915,2.6324946,83.247,9.201,9.18,1547384569834000,235,3
26014,48.8625868,2.6324951,83.248,9.26,9.2,1547384569888000,235,3
26069,48.8625821,2.6324954,83.242,9.305,9.26,1547384569943000,235,3
26124,48.8625775,2.6324959,83.223,9.305,9.3,1547384569998000,235,3
26179,48.8625729,2.6324959,83.204,9.247,9.31,1547384570053000,235,3
26234,48.8625682,2.6324968,83.172,9.326,9.25,1547384570108000,235,3
26289,48.8625632,2.6324976,83.162,9.5,9.33,1547384570163000,235,3
26344,48.8625583,2.6324975,83.152,9.555,9.5,1547384570218000,235,3
26399,48.8625537,2.6324978,83.193,9.563,9.55,1547384570273000,235,3
26454,48.8625491,2.632499,83.269,9.594,9.56,1547384570328000,235,3
26509,48.8625445,2.6325002,83.327,9.613,9.59,1547384570383000,235,3
26565,48.8625399,2.6325007,83.377,9.55,9.61,1547384570439000,235,3
26619,48.8625353,2.6325011,83.423,9.549,9.55,1547384570493000,235,3
26674,48.8625305,2.6325024,83.466,9.664,9.55,1547384570548000,235,3
26729,48.8625259,2.6325034,83.523,9.664,9.67,1547384570603000,235,3
26785,48.862521,2.6325039,83.542,9.764,9.67,1547384570659000,235,3
26839,48.8625161,2.6325044,83.484,9.681,9.77,1547384570713000,235,3
26894,48.8625112,2.6325054,83.471,9.785,9.68,1547384570768000,235,3
26949,48.8625061,2.6325064,83.473,9.947,9.79,1547384570823000,235,3
27005,48.8625013,2.6325069,83.496,9.91,9.95,1547384570879000,235,3
27060,48.8624966,2.6325072,83.522,9.762,9.91,1547384570934000,235,3
27115,48.862492,2.6325075,83.558,9.681,9.76,1547384570989000,235,3
27170,48.8624869,2.6325076,83.541,9.829,9.68,1547384571044000,235,3
27225,48.8624817,2.6325075,83.485,9.985,9.83,1547384571099000,235,3
27280,48.862477,2.6325073,83.537,9.884,9.99,1547384571154000,235,3
27335,48.8624723,2.6325071,83.548,9.765,9.88,1547384571209000,235,3
27390,48.8624675,2.6325071,83.543,9.745,9.77,1547384571264000,235,3
27445,48.8624625,2.6325073,83.527,9.791,9.75,1547384571319000,235,3
27500,48.8624577,2.6325076,83.524,9.755,9.79,1547384571374000,235,3
27555,48.8624529,2.6325076,83.52,9.705,9.76,1547384571429000,235,3
27610,48.8624481,2.6325076,83.5,9.658,9.71,1547384571484000,235,3
27665,48.8624435,2.6325076,83.562,9.624,9.66,1547384571539000,235,3
27720,48.8624388,2.6325078,83.598,9.659,9.63,1547384571594000,235,3
27775,48.8624338,2.6325081,83.573,9.713,9.66,1547384571649000,235,3
27830,48.862429,2.6325086,83.581,9.671,9.71,1547384571704000,235,3
27885,48.8624242,2.632509,83.578,9.683,9.67,1547384571759000,235,3
27940,48.8624195,2.6325091,83.589,9.635,9.68,1547384571814000,235,3
27995,48.8624147,2.6325094,83.593,9.658,9.64,1547384571869000,235,3
28050,48.8624099,2.6325095,83.62,9.688,9.66,1547384571924000,235,3
28105,48.862405,2.6325095,83.631,9.747,9.69,1547384571979000,235,3
28160,48.8624001,2.6325099,83.637,9.827,9.75,1547384572034000,235,3
28215,48.862395,2.6325103,83.601,9.905,9.83,1547384572089000,235,3
28270,48.8623902,2.6325106,83.581,9.751,9.91,1547384572144000,235,3
28325,48.8623854,2.6325106,83.59,9.739,9.75,1547384572199000,235,3
28380,48.8623803,2.6325109,83.573,9.908,9.74,1547384572254000,235,3
28435,48.8623752,2.6325113,83.548,9.992,9.91,1547384572309000,235,3
28490,48.8623705,2.6325112,83.545,9.848,9.99,1547384572364000,235,3
28545,48.8623658,2.6325111,83.575,9.789,9.85,1547384572419000,235,3
28600,48.8623607,2.6325116,83.555,9.915,9.79,1547384572474000,235,3
28655,48.8623558,2.6325123,83.546,9.879,9.91,1547384572529000,235,3
28710,48.8623512,2.6325127,83.514,9.639,9.88,1547384572584000,235,3
28765,48.8623464,2.6325129,83.53,9.648,9.64,1547384572639000,235,3
28820,48.8623415,2.6325128,83.552,9.83,9.65,1547384572694000,235,3
28875,48.8623363,2.6325133,83.543,9.988,9.83,1547384572749000,235,3
28930,48.8623312,2.6325138,83.517,10.022,9.99,1547384572804000,235,3
28985,48.8623262,2.6325145,83.532,10.078,10.02,1547384572859000,235,3
29040,48.8623212,2.6325152,83.537,10.103,10.08,1547384572914000,235,3
29095,48.8623161,2.6325159,83.554,10.157,10.1,1547384572969000,235,3
29150,48.862311,2.6325168,83.55,10.251,10.16,1547384573024000,235,3
29205,48.8623057,2.6325176,83.529,10.312,10.25,1547384573079000,235,3
29260,48.8623004,2.6325182,83.512,10.46,10.31,1547384573134000,235,3
29315,48.862295,2.632519,83.535,10.639,10.46,1547384573189000,235,3
29370,48.8622897,2.6325199,83.555,10.673,10.64,1547384573244000,235,3
29425,48.8622844,2.6325205,83.554,10.686,10.67,1547384573299000,235,3
29480,48.8622791,2.6325211,83.55,10.729,10.69,1547384573354000,235,3
29535,48.8622737,2.632522,83.529,10.72,10.73,1547384573409000,235,3
29590,48.8622685,2.6325228,83.492,10.589,10.72,1547384573464000,235,3
29645,48.862263,2.6325238,83.48,10.69,10.59,1547384573519000,235,3
29700,48.8622576,2.6325245,83.447,10.667,10.69,1547384573574000,235,3
29755,48.8622523,2.6325251,83.441,10.643,10.67,1547384573629000,235,3
29810,48.862247,2.6325257,83.467,10.733,10.64,1547384573684000,235,3
29865,48.8622416,2.6325265,83.469,10.799,10.73,1547384573739000,235,3
29920,48.8622363,2.6325274,83.432,10.728,10.8,1547384573794000,235,3
29975,48.8622309,2.6325285,83.426,10.812,10.73,1547384573849000,235,3
30030,48.8622255,2.6325294,83.433,10.863,10.81,1547384573904000,235,3
30085,48.86222,2.6325304,83.438,10.984,10.86,1547384573959000,235,3
30140,48.8622144,2.6325318,83.436,11.092,10.98,1547384574014000,235,3
30195,48.8622089,2.6325326,83.431,11.083,11.09,1547384574069000,235,3
30250,48.8622037,2.6325332,83.497,11.019,11.08,1547384574124000,235,3
30305,48.8621985,2.6325342,83.588,11.045,11.02,1547384574179000,235,3
30360,48.862193,2.6325352,83.614,11.102,11.05,1547384574234000,235,3
30415,48.8621876,2.632536,83.625,11.062,11.1,1547384574289000,235,3
30470,48.8621823,2.6325368,83.699,11.102,11.06,1547384574344000,235,3
30525,48.8621769,2.6325384,83.765,11.212,11.1,1547384574399000,235,3
30580,48.8621713,2.63254,83.764,11.243,11.21,1547384574454000,235,3
30635,48.8621657,2.6325415,83.742,11.247,11.24,1547384574509000,235,3
30690,48.8621603,2.6325431,83.761,11.243,11.25,1547384574564000,235,3
30745,48.8621548,2.6325445,83.766,11.161,11.24,1547384574619000,235,3
30800,48.8621494,2.6325456,83.746,11.077,11.16,1547384574674000,235,3
30855,48.8621437,2.632547,83.732,11.229,11.08,1547384574729000,235,3
30910,48.8621384,2.6325482,83.777,11.142,11.23,1547384574784000,235,3
30965,48.8621331,2.6325491,83.831,11.084,11.14,1547384574839000,235,3
31020,48.8621278,2.6325498,83.836,10.974,11.08,1547384574894000,235,3
31075,48.8621224,2.6325508,83.835,11.01,10.97,1547384574949000,235,3
31130,48.862117,2.6325519,83.833,10.967,11.01,1547384575004000,235,3
31185,48.8621115,2.6325535,83.827,11.062,10.97,1547384575059000,235,3
31240,48.8621059,2.6325549,83.812,11.137,11.06,1547384575114000,235,3
31295,48.8621004,2.6325561,83.798,11.101,11.14,1547384575169000,235,3
31350,48.8620949,2.6325573,83.784,11.108,11.1,1547384575224000,235,3
31405,48.8620896,2.6325585,83.796,11.048,11.11,1547384575279000,235,3
31460,48.8620843,2.6325598,83.779,11.004,11.05,1547384575334000,235,3
31515,48.8620788,2.6325608,83.735,10.943,11,1547384575389000,235,3
31570,48.8620735,2.6325619,83.711,10.888,10.94,1547384575444000,235,3
31625,48.8620679,2.6325632,83.739,11.085,10.89,1547384575499000,235,3
31680,48.8620624,2.6325642,83.733,11.092,11.09,1547384575554000,235,3
31735,48.8620569,2.6325651,83.757,11.12,11.09,1547384575609000,235,3
31790,48.8620514,2.6325664,83.786,11.225,11.12,1547384575664000,235,3
31845,48.8620459,2.6325675,83.861,11.316,11.23,1547384575719000,235,3
31900,48.8620404,2.6325686,83.908,11.353,11.32,1547384575774000,235,3
31955,48.8620346,2.63257,83.906,11.486,11.35,1547384575829000,235,3
32010,48.8620287,2.6325711,83.861,11.488,11.49,1547384575884000,235,3
32065,48.862023,2.6325723,83.849,11.476,11.49,1547384575939000,235,3
32120,48.8620174,2.6325736,83.813,11.411,11.48,1547384575994000,235,3
32175,48.8620116,2.6325749,83.789,11.451,11.41,1547384576049000,235,3
32230,48.862006,2.6325761,83.785,11.379,11.45,1547384576104000,235,3
32285,48.8620002,2.632577,83.726,11.404,11.38,1547384576159000,235,3
32340,48.8619945,2.6325779,83.7,11.378,11.4,1547384576214000,235,3
32395,48.8619891,2.6325794,83.704,11.326,11.38,1547384576269000,235,3
32450,48.8619835,2.6325808,83.697,11.331,11.33,1547384576324000,235,3
32505,48.861978,2.6325822,83.745,11.462,11.33,1547384576379000,235,3
32560,48.8619723,2.6325835,83.776,11.583,11.46,1547384576434000,235,3
32615,48.8619666,2.6325847,83.77,11.57,11.58,1547384576489000,235,3
32670,48.8619608,2.6325856,83.706,11.496,11.57,1547384576544000,235,3
32725,48.8619552,2.6325867,83.692,11.474,11.5,1547384576599000,235,3
32780,48.8619495,2.6325881,83.716,11.618,11.47,1547384576654000,235,3
32835,48.8619438,2.6325893,83.67,11.551,11.62,1547384576709000,235,3
32890,48.861938,2.6325905,83.63,11.577,11.55,1547384576764000,235,3
32945,48.8619322,2.6325915,83.635,11.635,11.58,1547384576819000,235,3
32999,48.8619266,2.6325928,83.635,11.61,11.63,1547384576873000,235,3
33054,48.8619208,2.6325942,83.624,11.692,11.61,1547384576928000,235,3
33109,48.8619149,2.6325957,83.609,11.769,11.69,1547384576983000,235,3
33164,48.8619089,2.632597,83.59,11.871,11.77,1547384577038000,235,3
33219,48.8619031,2.6325979,83.584,11.832,11.87,1547384577093000,235,3
33274,48.8618976,2.6325987,83.618,11.737,11.83,1547384577148000,235,3
33329,48.8618916,2.6325999,83.611,11.836,11.74,1547384577203000,235,3
33384,48.8618857,2.6326012,83.609,11.941,11.84,1547384577258000,235,3
33439,48.8618799,2.6326024,83.603,11.896,11.94,1547384577313000,235,3
33494,48.861874,2.6326033,83.578,11.896,11.9,1547384577368000,235,3
33550,48.861868,2.6326035,83.509,11.872,11.9,1547384577424000,235,3
33604,48.8618622,2.6326044,83.481,11.828,11.87,1547384577478000,235,3
33659,48.8618562,2.6326056,83.447,11.917,11.83,1547384577533000,235,3
33714,48.8618503,2.6326068,83.462,11.959,11.92,1547384577588000,235,3
33770,48.8618445,2.6326081,83.469,11.87,11.96,1547384577644000,235,3
33824,48.8618388,2.632609,83.502,11.862,11.87,1547384577698000,235,3
33879,48.8618325,2.6326098,83.45,12.043,11.86,1547384577753000,235,3
33934,48.8618269,2.6326104,83.511,11.942,12.04,1547384577808000,235,3
33990,48.8618217,2.6326112,83.65,11.705,11.94,1547384577864000,235,3
34045,48.8618162,2.632612,83.73,11.654,11.71,1547384577919000,235,3
34100,48.8618103,2.6326132,83.715,11.71,11.65,1547384577974000,235,3
34155,48.8618045,2.6326148,83.684,11.728,11.71,1547384578029000,235,3
34210,48.8617991,2.6326162,83.761,11.643,11.73,1547384578084000,235,3
34265,48.8617934,2.6326173,83.774,11.61,11.64,1547384578139000,235,3
34320,48.8617878,2.6326183,83.797,11.604,11.61,1547384578194000,235,3
34375,48.8617823,2.6326195,83.877,11.647,11.6,1547384578249000,235,3
34430,48.8617767,2.6326212,83.906,11.624,11.65,1547384578304000,235,3
34485,48.8617711,2.6326227,83.864,11.562,11.62,1547384578359000,235,3
34540,48.8617653,2.6326242,83.793,11.544,11.56,1547384578414000,235,3
34595,48.8617597,2.6326258,83.772,11.519,11.54,1547384578469000,235,3
34650,48.861754,2.632627,83.759,11.489,11.52,1547384578524000,235,3
34705,48.8617485,2.6326282,83.8,11.464,11.49,1547384578579000,235,3
34760,48.8617432,2.6326296,83.851,11.388,11.46,1547384578634000,235,3
34815,48.8617375,2.632631,83.848,11.471,11.39,1547384578689000,235,3
34870,48.8617318,2.6326323,83.808,11.471,11.47,1547384578744000,235,3
34925,48.8617262,2.6326336,83.776,11.4,11.47,1547384578799000,235,3
34980,48.8617206,2.6326346,83.808,11.437,11.4,1547384578854000,235,3
35035,48.8617149,2.6326359,83.789,11.515,11.44,1547384578909000,235,3
35090,48.861709,2.6326374,83.729,11.578,11.51,1547384578964000,235,3
35145,48.8617032,2.6326387,83.707,11.639,11.58,1547384579019000,235,3
35200,48.8616977,2.63264,83.742,11.609,11.64,1547384579074000,235,3
35255,48.8616922,2.6326411,83.714,11.438,11.61,1547384579129000,235,3
35310,48.8616864,2.6326423,83.708,11.513,11.44,1547384579184000,235,3
35365,48.8616809,2.6326437,83.702,11.471,11.51,1547384579239000,235,3
35420,48.8616752,2.6326452,83.68,11.485,11.47,1547384579294000,235,3
35475,48.8616696,2.6326466,83.702,11.489,11.48,1547384579349000,235,3
35530,48.8616642,2.6326482,83.732,11.403,11.49,1547384579404000,235,3
35585,48.861659,2.63265,83.737,11.199,11.4,1547384579459000,235,3
35640,48.8616539,2.6326518,83.729,11.013,11.2,1547384579514000,235,3
35695,48.8616485,2.6326527,83.777,11.12,11.01,1547384579569000,235,3
35750,48.8616429,2.6326538,83.879,11.342,11.12,1547384579624000,235,3
35805,48.8616372,2.6326546,83.888,11.388,11.34,1547384579679000,235,3
35860,48.8616314,2.6326556,83.858,11.467,11.39,1547384579734000,235,3
35915,48.8616257,2.6326568,83.835,11.577,11.47,1547384579789000,235,3
35970,48.8616198,2.6326575,83.774,11.542,11.58,1547384579844000,235,3
36024,48.8616143,2.6326579,83.772,11.47,11.54,1547384579898000,235,3
36079,48.8616083,2.6326586,83.76,11.629,11.47,1547384579953000,235,3
36134,48.8616025,2.6326593,83.75,11.656,11.63,1547384580008000,235,3
36189,48.8615968,2.63266,83.771,11.632,11.66,1547384580063000,235,3
36244,48.861591,2.6326605,83.759,11.658,11.63,1547384580118000,235,3
36299,48.8615851,2.6326611,83.742,11.693,11.66,1547384580173000,235,3
36354,48.8615792,2.6326619,83.715,11.769,11.69,1547384580228000,235,3
36409,48.8615734,2.6326632,83.698,11.713,11.77,1547384580283000,235,3
36464,48.8615672,2.6326642,83.632,11.835,11.71,1547384580338000,235,3
36519,48.861561,2.6326652,83.575,11.974,11.83,1547384580393000,235,3
36575,48.8615549,2.6326661,83.538,12.035,11.97,1547384580449000,235,3
36629,48.8615492,2.6326667,83.571,11.961,12.04,1547384580503000,235,3
36684,48.8615432,2.6326673,83.551,11.914,11.96,1547384580558000,235,3
36739,48.8615373,2.6326684,83.537,11.887,11.91,1547384580613000,235,3
36795,48.8615313,2.6326695,83.494,11.89,11.89,1547384580669000,235,3
36849,48.8615253,2.6326706,83.476,11.954,11.89,1547384580723000,235,3
36904,48.8615192,2.6326718,83.47,12.067,11.95,1547384580778000,235,3
36959,48.8615136,2.6326725,83.481,11.912,12.07,1547384580833000,235,3
37015,48.8615083,2.6326735,83.56,11.717,11.91,1547384580889000,235,3
37070,48.8615025,2.6326749,83.546,11.738,11.72,1547384580944000,235,3
37125,48.8614965,2.6326763,83.492,11.78,11.74,1547384580999000,235,3
37180,48.8614906,2.6326776,83.418,11.707,11.78,1547384581054000,235,3
37235,48.8614846,2.6326788,83.347,11.761,11.71,1547384581109000,235,3
37290,48.8614787,2.6326802,83.393,12.005,11.76,1547384581164000,235,3
37345,48.8614729,2.6326816,83.438,12.069,12.01,1547384581219000,235,3
37400,48.861467,2.6326838,83.518,12.314,12.07,1547384581274000,235,3
37455,48.8614607,2.6326858,83.527,12.623,12.31,1547384581329000,235,3
37510,48.8614546,2.6326871,83.546,12.675,12.62,1547384581384000,235,3
37565,48.8614487,2.6326878,83.578,12.476,12.68,1547384581439000,235,3
37620,48.8614432,2.6326889,83.577,12.063,12.48,1547384581494000,235,3
37675,48.8614374,2.6326908,83.585,11.957,12.06,1547384581549000,235,3
37730,48.8614316,2.6326925,83.565,11.922,11.96,1547384581604000,235,3
37785,48.8614259,2.6326936,83.546,11.797,11.92,1547384581659000,235,3
37840,48.8614201,2.6326954,83.563,11.883,11.8,1547384581714000,235,3
37895,48.8614143,2.632697,83.519,11.78,11.88,1547384581769000,235,3
37950,48.8614085,2.6326985,83.472,11.719,11.78,1547384581824000,235,3
38005,48.8614027,2.6327002,83.472,11.763,11.72,1547384581879000,235,3
38060,48.861397,2.6327016,83.455,11.714,11.76,1547384581934000,235,3
38115,48.8613912,2.6327026,83.449,11.688,11.71,1547384581989000,235,3
38170,48.8613854,2.6327036,83.437,11.748,11.69,1547384582044000,235,3
38225,48.8613798,2.6327048,83.456,11.697,11.75,1547384582099000,235,3
38280,48.8613741,2.6327057,83.439,11.582,11.7,1547384582154000,235,3
38335,48.8613685,2.6327069,83.477,11.605,11.58,1547384582209000,235,3
38390,48.8613628,2.6327082,83.502,11.66,11.6,1547384582264000,235,3
38445,48.8613569,2.6327098,83.481,11.73,11.66,1547384582319000,235,3
38500,48.8613513,2.6327112,83.449,11.56,11.73,1547384582374000,235,3
38555,48.8613456,2.6327124,83.456,11.591,11.56,1547384582429000,235,3
38610,48.8613397,2.6327133,83.455,11.725,11.59,1547384582484000,235,3
38665,48.8613339,2.6327146,83.458,11.715,11.73,1547384582539000,235,3
38720,48.8613283,2.6327163,83.475,11.662,11.72,1547384582594000,235,3
38775,48.8613226,2.6327182,83.461,11.69,11.66,1547384582649000,235,3
38830,48.8613167,2.6327198,83.43,11.738,11.69,1547384582704000,235,3
38885,48.861311,2.6327207,83.435,11.693,11.74,1547384582759000,235,3
38940,48.8613051,2.6327217,83.431,11.78,11.69,1547384582814000,235,3
38994,48.8612994,2.6327228,83.456,11.785,11.78,1547384582868000,235,3
39049,48.8612937,2.6327239,83.445,11.678,11.78,1547384582923000,235,3
39104,48.861288,2.6327248,83.452,11.643,11.68,1547384582978000,235,3
39159,48.8612824,2.6327256,83.451,11.552,11.64,1547384583033000,235,3
39214,48.8612768,2.6327262,83.475,11.486,11.55,1547384583088000,235,3
39269,48.8612711,2.6327271,83.497,11.562,11.49,1547384583143000,235,3
39324,48.8612654,2.6327277,83.472,11.547,11.56,1547384583198000,235,3
39379,48.8612599,2.6327282,83.488,11.431,11.55,1547384583253000,235,3
39434,48.8612545,2.6327289,83.525,11.392,11.43,1547384583308000,235,3
39489,48.8612489,2.6327296,83.534,11.402,11.39,1547384583363000,235,3
39545,48.8612432,2.6327305,83.528,11.414,11.4,1547384583419000,235,3
39599,48.8612375,2.6327314,83.501,11.395,11.41,1547384583473000,235,3
39654,48.8612321,2.6327318,83.5,11.217,11.39,1547384583528000,235,3
39709,48.8612267,2.6327324,83.506,11.15,11.22,1547384583583000,235,3
39765,48.8612211,2.6327332,83.498,11.237,11.15,1547384583639000,235,3
39819,48.8612154,2.6327343,83.477,11.277,11.24,1547384583693000,235,3
39874,48.8612099,2.6327352,83.464,11.222,11.28,1547384583748000,235,3
39929,48.8612043,2.6327358,83.434,11.225,11.22,1547384583803000,235,3
39985,48.8611988,2.6327362,83.483,11.248,11.23,1547384583859000,235,3
40040,48.8611931,2.6327367,83.48,11.283,11.25,1547384583914000,235,3
40095,48.8611876,2.6327371,83.444,11.167,11.28,1547384583969000,235,3
40150,48.8611821,2.6327376,83.411,11.028,11.17,1547384584024000,235,3
40205,48.8611766,2.6327385,83.4,11.074,11.03,1547384584079000,235,3
40260,48.8611707,2.6327391,83.358,11.263,11.07,1547384584134000,235,3
40315,48.8611651,2.6327395,83.328,11.217,11.26,1547384584189000,235,3
40370,48.8611596,2.63274,83.318,11.118,11.22,1547384584244000,235,3
40425,48.8611542,2.6327406,83.347,11.16,11.12,1547384584299000,235,3
40480,48.8611486,2.6327414,83.344,11.211,11.16,1547384584354000,235,3
40535,48.8611431,2.6327418,83.351,11.148,11.21,1547384584409000,235,3
40590,48.8611377,2.6327418,83.362,11.108,11.15,1547384584464000,235,3
40645,48.8611321,2.6327416,83.342,11.137,11.11,1547384584519000,235,3
40700,48.8611264,2.6327422,83.333,11.219,11.14,1547384584574000,235,3
40755,48.8611209,2.632743,83.335,11.13,11.22,1547384584629000,235,3
40810,48.8611151,2.6327436,83.312,11.19,11.13,1547384584684000,235,3
40865,48.8611093,2.632744,83.299,11.206,11.19,1547384584739000,235,3
40920,48.8611038,2.6327445,83.309,11.173,11.21,1547384584794000,235,3
40975,48.8610982,2.6327448,83.291,11.167,11.17,1547384584849000,235,3
41030,48.8610925,2.632745,83.269,11.228,11.17,1547384584904000,235,3
41085,48.861087,2.6327452,83.27,11.177,11.23,1547384584959000,235,3
41140,48.8610816,2.6327455,83.286,11.084,11.18,1547384585014000,235,3
41195,48.8610762,2.632746,83.338,11.14,11.08,1547384585069000,235,3
41250,48.8610707,2.6327466,83.358,11.159,11.14,1547384585124000,235,3
41305,48.8610652,2.6327468,83.348,11.08,11.16,1547384585179000,235,3
41360,48.86106,2.6327469,83.357,10.931,11.08,1547384585234000,235,3
41415,48.8610547,2.6327474,83.368,10.893,10.93,1547384585289000,235,3
41470,48.8610492,2.6327481,83.361,10.951,10.89,1547384585344000,235,3
41525,48.8610438,2.6327486,83.348,10.856,10.95,1547384585399000,235,3
41580,48.8610385,2.632749,83.375,10.875,10.86,1547384585454000,235,3
41635,48.861033,2.6327495,83.382,11.008,10.88,1547384585509000,235,3
41690,48.8610275,2.6327502,83.381,11.038,11.01,1547384585564000,235,3
41745,48.8610221,2.6327511,83.402,11.038,11.04,1547384585619000,235,3
41800,48.8610166,2.6327518,83.373,11.002,11.04,1547384585674000,235,3
41855,48.8610112,2.6327525,83.35,10.975,11,1547384585729000,235,3
41910,48.8610058,2.6327533,83.333,10.917,10.98,1547384585784000,235,3
41965,48.8610003,2.6327541,83.3,10.92,10.92,1547384585839000,235,3
42019,48.860995,2.6327548,83.289,10.867,10.92,1547384585893000,235,3
42074,48.8609896,2.6327554,83.271,10.886,10.87,1547384585948000,235,3
42129,48.8609842,2.6327561,83.285,10.923,10.89,1547384586003000,235,3
42184,48.8609788,2.6327567,83.265,10.936,10.92,1547384586058000,235,3
42239,48.8609734,2.6327573,83.248,10.912,10.94,1547384586113000,235,3
42294,48.8609679,2.6327581,83.253,11.04,10.91,1547384586168000,235,3
42349,48.8609624,2.6327589,83.265,11.065,11.04,1547384586223000,235,3
42404,48.8609571,2.6327594,83.255,10.985,11.07,1547384586278000,235,3
42459,48.8609517,2.6327597,83.243,10.913,10.99,1547384586333000,235,3
42514,48.8609462,2.6327604,83.227,10.961,10.91,1547384586388000,235,3
42570,48.8609407,2.6327609,83.19,10.924,10.96,1547384586444000,235,3
42624,48.8609353,2.6327614,83.18,10.942,10.92,1547384586498000,235,3
42679,48.8609299,2.6327617,83.195,10.982,10.94,1547384586553000,235,3
42734,48.8609245,2.6327618,83.227,10.993,10.98,1547384586608000,235,3
42790,48.8609193,2.6327621,83.23,10.909,10.99,1547384586664000,235,3
42844,48.860914,2.6327626,83.236,10.814,10.91,1547384586718000,235,3
42899,48.8609087,2.632763,83.228,10.82,10.81,1547384586773000,235,3
42954,48.8609034,2.6327633,83.237,10.815,10.82,1547384586828000,235,3
43010,48.8608982,2.6327634,83.288,10.835,10.81,1547384586884000,235,3
43065,48.860893,2.6327632,83.337,10.867,10.83,1547384586939000,235,3
43120,48.8608876,2.6327633,83.372,10.97,10.87,1547384586994000,235,3
43175,48.860882,2.6327641,83.385,11.13,10.97,1547384587049000,235,3
43230,48.8608768,2.6327643,83.419,11.074,11.13,1547384587104000,235,3
43285,48.8608716,2.6327643,83.472,11.051,11.07,1547384587159000,235,3
43340,48.8608663,2.6327644,83.528,11.022,11.05,1547384587214000,235,3
43395,48.8608613,2.6327648,83.607,10.912,11.02,1547384587269000,235,3
43450,48.860856,2.6327649,83.599,10.847,10.91,1547384587324000,235,3
43505,48.8608503,2.6327655,83.591,11.026,10.85,1547384587379000,235,3
43560,48.860845,2.6327658,83.595,10.958,11.03,1547384587434000,235,3
43615,48.8608398,2.6327661,83.587,10.778,10.96,1547384587489000,235,3
43670,48.8608347,2.632766,83.589,10.616,10.78,1547384587544000,235,3
43725,48.8608296,2.6327663,83.618,10.552,10.62,1547384587599000,235,3
43780,48.8608245,2.6327667,83.63,10.491,10.55,1547384587654000,235,3
43835,48.8608193,2.632767,83.595,10.409,10.49,1547384587709000,235,3
43890,48.8608141,2.6327672,83.584,10.459,10.41,1547384587764000,235,3
43945,48.8608089,2.6327673,83.6,10.546,10.46,1547384587819000,235,3
44000,48.8608037,2.6327675,83.583,10.47,10.55,1547384587874000,235,3
44055,48.8607987,2.6327677,83.532,10.284,10.47,1547384587929000,235,3
44110,48.8607935,2.6327678,83.467,10.219,10.28,1547384587984000,235,3
44165,48.8607882,2.6327678,83.429,10.324,10.22,1547384588039000,235,3
44220,48.8607832,2.6327675,83.435,10.312,10.32,1547384588094000,235,3
44275,48.8607781,2.6327672,83.462,10.349,10.31,1547384588149000,235,3
44330,48.860773,2.6327671,83.482,10.391,10.35,1547384588204000,235,3
44385,48.8607678,2.6327671,83.475,10.459,10.39,1547384588259000,235,3
44440,48.8607625,2.6327673,83.448,10.489,10.46,1547384588314000,235,3
44495,48.8607572,2.6327672,83.43,10.527,10.49,1547384588369000,235,3
44550,48.860752,2.6327671,83.44,10.601,10.53,1547384588424000,235,3
44605,48.860747,2.6327672,83.48,10.543,10.6,1547384588479000,235,3
44660,48.8607419,2.6327672,83.508,10.501,10.54,1547384588534000,235,3
44715,48.8607367,2.6327672,83.461,10.437,10.5,1547384588589000,235,3
44770,48.8607315,2.6327674,83.436,10.396,10.44,1547384588644000,235,3
44825,48.8607264,2.6327676,83.45,10.431,10.4,1547384588699000,235,3
44880,48.8607211,2.6327679,83.453,10.51,10.43,1547384588754000,235,3
44935,48.8607158,2.6327682,83.41,10.495,10.51,1547384588809000,235,3
44989,48.8607108,2.6327683,83.355,10.257,10.49,1547384588863000,235,3
45044,48.8607057,2.6327682,83.329,10.223,10.26,1547384588918000,235,3
45099,48.8607005,2.6327685,83.341,10.389,10.22,1547384588973000,235,3
45154,48.8606953,2.6327685,83.355,10.433,10.39,1547384589028000,235,3
45209,48.8606902,2.6327685,83.358,10.439,10.43,1547384589083000,235,3
45264,48.8606851,2.6327687,83.376,10.482,10.44,1547384589138000,235,3
45319,48.8606796,2.6327688,83.353,10.638,10.48,1547384589193000,235,3
45374,48.8606741,2.6327691,83.34,10.846,10.64,1547384589248000,235,3
45429,48.8606685,2.6327695,83.35,11.042,10.85,1547384589303000,235,3
45484,48.8606632,2.6327699,83.389,10.983,11.04,1547384589358000,235,3
45540,48.8606579,2.6327705,83.396,10.904,10.98,1547384589414000,235,3
45594,48.8606526,2.6327714,83.376,10.819,10.9,1547384589468000,235,3
45649,48.8606473,2.6327724,83.364,10.782,10.82,1547384589523000,235,3
45704,48.8606421,2.6327738,83.39,10.82,10.78,1547384589578000,235,3
45760,48.860637,2.6327753,83.43,10.799,10.82,1547384589634000,235,3
45814,48.8606321,2.6327767,83.452,10.579,10.8,1547384589688000,235,3
45869,48.8606274,2.6327781,83.44,10.287,10.58,1547384589743000,235,3
45924,48.8606224,2.632779,83.398,10.172,10.29,1547384589798000,235,3
45980,48.8606174,2.63278,83.394,10.274,10.17,1547384589854000,235,3
46035,48.8606125,2.6327812,83.394,10.318,10.27,1547384589909000,235,3
46090,48.8606077,2.6327821,83.371,10.091,10.32,1547384589964000,235,3
46145,48.8606029,2.6327829,83.321,9.938,10.09,1547384590019000,235,3
46200,48.8605978,2.632784,83.257,10.032,9.94,1547384590074000,235,3
46255,48.8605924,2.6327853,83.236,10.348,10.03,1547384590129000,235,3
46310,48.8605872,2.632786,83.233,10.459,10.35,1547384590184000,235,3
46365,48.8605823,2.6327867,83.263,10.449,10.46,1547384590239000,235,3
46420,48.8605774,2.6327876,83.305,10.403,10.45,1547384590294000,235,3
46475,48.8605723,2.6327885,83.287,10.389,10.4,1547384590349000,235,3
46530,48.8605674,2.632789,83.301,10.263,10.39,1547384590404000,235,3
46585,48.8605624,2.6327899,83.316,10.293,10.26,1547384590459000,235,3
46640,48.8605572,2.6327911,83.264,10.457,10.29,1547384590514000,235,3
46695,48.8605518,2.632792,83.212,10.58,10.46,1547384590569000,235,3
46750,48.8605467,2.6327926,83.2,10.551,10.58,1547384590624000,235,3
46805,48.8605418,2.632793,83.261,10.425,10.55,1547384590679000,235,3
46860,48.8605368,2.632794,83.292,10.386,10.43,1547384590734000,235,3
46915,48.8605317,2.6327948,83.28,10.368,10.39,1547384590789000,235,3
46970,48.8605264,2.6327956,83.267,10.514,10.37,1547384590844000,235,3
47025,48.8605213,2.6327965,83.268,10.456,10.51,1547384590899000,235,3
47080,48.860516,2.6327973,83.273,10.631,10.46,1547384590954000,235,3
47135,48.8605107,2.6327979,83.333,10.781,10.63,1547384591009000,235,3
47190,48.8605056,2.6327983,83.357,10.649,10.78,1547384591064000,235,3
47245,48.8605006,2.6327989,83.339,10.409,10.65,1547384591119000,235,3
47300,48.8604956,2.6327999,83.351,10.334,10.41,1547384591174000,235,3
47355,48.8604907,2.6328009,83.375,10.285,10.33,1547384591229000,235,3
47410,48.8604856,2.6328017,83.395,10.298,10.29,1547384591284000,235,3
47465,48.8604806,2.6328027,83.364,10.194,10.3,1547384591339000,235,3
47520,48.8604758,2.6328039,83.385,10.116,10.19,1547384591394000,235,3
47575,48.8604708,2.6328053,83.369,10.07,10.12,1547384591449000,235,3
47630,48.8604658,2.6328066,83.352,10.104,10.07,1547384591504000,235,3
47685,48.8604606,2.6328078,83.317,10.175,10.1,1547384591559000,235,3
47740,48.8604555,2.6328091,83.302,10.266,10.18,1547384591614000,235,3
47795,48.8604502,2.63281,83.287,10.351,10.27,1547384591669000,235,3
47850,48.8604448,2.6328106,83.257,10.451,10.35,1547384591724000,235,3
47905,48.8604396,2.6328112,83.257,10.477,10.45,1547384591779000,235,3
47960,48.8604345,2.6328123,83.28,10.516,10.48,1547384591834000,235,3
48014,48.8604295,2.6328139,83.289,10.456,10.52,1547384591888000,235,3
48069,48.8604246,2.6328152,83.308,10.352,10.46,1547384591943000,235,3
48124,48.8604194,2.6328161,83.294,10.4,10.35,1547384591998000,235,3
48179,48.8604142,2.6328168,83.331,10.544,10.4,1547384592053000,235,3
48234,48.8604093,2.6328173,83.38,10.457,10.54,1547384592108000,235,3
48289,48.8604044,2.632818,83.442,10.44,10.46,1547384592163000,235,3
48344,48.8603995,2.632819,83.518,10.39,10.44,1547384592218000,235,3
48399,48.8603947,2.6328199,83.534,10.243,10.39,1547384592273000,235,3
48454,48.8603896,2.6328208,83.537,10.266,10.24,1547384592328000,235,3
48509,48.8603847,2.6328216,83.56,10.181,10.27,1547384592383000,235,3
48565,48.8603799,2.6328223,83.626,10.216,10.18,1547384592439000,235,3
48619,48.8603748,2.6328234,83.64,10.278,10.22,1547384592493000,235,3
48674,48.8603696,2.6328243,83.595,10.26,10.28,1547384592548000,235,3
48729,48.8603647,2.632825,83.599,10.2,10.26,1547384592603000,235,3
48785,48.8603598,2.6328257,83.585,10.031,10.2,1547384592659000,235,3
48839,48.860355,2.6328263,83.584,9.929,10.03,1547384592713000,235,3
48894,48.8603501,2.6328266,83.583,9.872,9.93,1547384592768000,235,3
48949,48.8603452,2.6328275,83.567,9.889,9.87,1547384592823000,235,3
49005,48.8603403,2.6328283,83.553,9.867,9.89,1547384592879000,235,3
49060,48.8603353,2.6328291,83.522,9.889,9.87,1547384592934000,235,3
49115,48.8603305,2.6328295,83.494,9.806,9.89,1547384592989000,235,3
49170,48.8603258,2.6328296,83.484,9.668,9.81,1547384593044000,235,3
49225,48.8603208,2.6328299,83.481,9.836,9.67,1547384593099000,235,3
49280,48.8603158,2.6328303,83.501,9.916,9.84,1547384593154000,235,3
49335,48.8603109,2.6328307,83.514,9.939,9.92,1547384593209000,235,3
49390,48.860306,2.6328313,83.54,10.021,9.94,1547384593264000,235,3
49445,48.8603012,2.632832,83.566,9.947,10.02,1547384593319000,235,3
49500,48.8602963,2.6328326,83.565,9.891,9.95,1547384593374000,235,3
49555,48.8602914,2.632833,83.556,9.884,9.89,1547384593429000,235,3
49610,48.8602864,2.6328334,83.56,9.983,9.88,1547384593484000,235,3
49665,48.8602814,2.6328339,83.577,10.04,9.98,1547384593539000,235,3
49720,48.8602763,2.6328341,83.546,10.097,10.04,1547384593594000,235,3
49775,48.8602714,2.6328342,83.564,9.995,10.1,1547384593649000,235,3
49830,48.8602666,2.6328345,83.594,9.958,10,1547384593704000,235,3
49885,48.8602614,2.6328351,83.564,10.065,9.96,1547384593759000,235,3
49940,48.8602563,2.6328356,83.532,10.116,10.06,1547384593814000,235,3
49995,48.8602513,2.6328357,83.545,10.113,10.12,1547384593869000,235,3
50050,48.8602462,2.632836,83.517,10.119,10.11,1547384593924000,235,3
50105,48.8602413,2.6328362,83.527,10.121,10.12,1547384593979000,235,3
50160,48.8602363,2.6328361,83.515,10.066,10.12,1547384594034000,235,3
50215,48.8602314,2.6328359,83.499,9.974,10.07,1547384594089000,235,3
50270,48.8602265,2.6328359,83.478,9.926,9.97,1547384594144000,235,3
50325,48.8602215,2.6328364,83.486,9.974,9.93,1547384594199000,235,3
50380,48.8602163,2.6328367,83.474,10.131,9.97,1547384594254000,235,3
50435,48.8602111,2.6328369,83.451,10.252,10.13,1547384594309000,235,3
50490,48.8602062,2.6328372,83.482,10.222,10.25,1547384594364000,235,3
50545,48.8602012,2.6328373,83.494,10.181,10.22,1547384594419000,235,3
50600,48.8601962,2.6328373,83.503,10.164,10.18,1547384594474000,235,3
50655,48.8601912,2.6328371,83.513,10.175,10.16,1547384594529000,235,3
50710,48.8601863,2.632837,83.553,10.192,10.17,1547384594584000,235,3
50765,48.8601812,2.6328371,83.536,10.18,10.19,1547384594639000,235,3
50820,48.8601762,2.6328375,83.554,10.19,10.18,1547384594694000,235,3
50875,48.8601712,2.6328378,83.524,10.087,10.19,1547384594749000,235,3
50930,48.8601663,2.6328381,83.52,10.058,10.09,1547384594804000,235,3
50984,48.8601613,2.6328381,83.523,10.087,10.06,1547384594858000,235,3
51039,48.8601563,2.6328379,83.532,10.074,10.09,1547384594913000,235,3
51094,48.8601514,2.6328377,83.514,9.993,10.07,1547384594968000,235,3
51149,48.8601465,2.6328377,83.485,9.882,9.99,1547384595023000,235,3
51204,48.8601416,2.6328376,83.458,9.842,9.88,1547384595078000,235,3
51259,48.8601366,2.6328375,83.432,9.873,9.84,1547384595133000,235,3
51314,48.8601316,2.6328373,83.438,9.922,9.87,1547384595188000,235,3
51369,48.8601268,2.6328371,83.42,9.862,9.92,1547384595243000,235,3
51424,48.8601219,2.6328369,83.422,9.917,9.86,1547384595298000,235,3
51479,48.860117,2.6328364,83.418,9.881,9.92,1547384595353000,235,3
51535,48.8601123,2.6328359,83.394,9.76,9.88,1547384595409000,235,3
51589,48.8601074,2.6328355,83.38,9.739,9.76,1547384595463000,235,3
51644,48.8601025,2.6328351,83.372,9.8,9.74,1547384595518000,235,3
51699,48.8600976,2.6328348,83.351,9.882,9.8,1547384595573000,235,3
51755,48.8600928,2.6328343,83.372,9.863,9.88,1547384595629000,235,3
51809,48.8600882,2.6328338,83.42,9.767,9.86,1547384595683000,235,3
51864,48.8600835,2.6328331,83.423,9.753,9.77,1547384595738000,235,3
51919,48.8600784,2.6328326,83.399,9.864,9.75,1547384595793000,235,3
51975,48.8600737,2.6328322,83.411,9.772,9.86,1547384595849000,235,3
52030,48.8600693,2.6328314,83.473,9.672,9.77,1547384595904000,235,3
52085,48.8600645,2.6328309,83.482,9.714,9.67,1547384595959000,235,3
52140,48.8600595,2.6328307,83.462,9.805,9.71,1547384596014000,235,3
52195,48.8600544,2.6328306,83.424,9.885,9.81,1547384596069000,235,3
52250,48.8600495,2.6328302,83.439,9.933,9.88,1547384596124000,235,3
52305,48.8600448,2.6328295,83.515,9.953,9.93,1547384596179000,235,3
52360,48.8600401,2.632829,83.553,9.872,9.95,1547384596234000,235,3
52415,48.8600357,2.6328286,83.588,9.634,9.87,1547384596289000,235,3
52470,48.8600313,2.6328283,83.635,9.456,9.63,1547384596344000,235,3
52525,48.8600266,2.6328278,83.615,9.432,9.46,1547384596399000,235,3
52580,48.8600221,2.632827,83.634,9.377,9.43,1547384596454000,235,3
52635,48.8600178,2.6328268,83.675,9.231,9.38,1547384596509000,235,3
52690,48.8600134,2.6328266,83.654,9.023,9.23,1547384596564000,235,3
52745,48.8600089,2.6328261,83.632,8.995,9.02,1547384596619000,235,3
52800,48.8600044,2.6328255,83.646,9.081,9,1547384596674000,235,3
52855,48.8599999,2.6328251,83.708,9.206,9.08,1547384596729000,235,3
52910,48.8599953,2.6328244,83.726,9.291,9.21,1547384596784000,235,3
52965,48.8599908,2.6328236,83.743,9.236,9.29,1547384596839000,235,3
53020,48.8599865,2.6328231,83.767,9.062,9.24,1547384596894000,235,3
53075,48.8599821,2.6328226,83.745,8.958,9.06,1547384596949000,235,3
53130,48.8599777,2.6328217,83.73,8.909,8.96,1547384597004000,235,3
53185,48.8599736,2.632821,83.755,8.773,8.91,1547384597059000,235,3
53240,48.8599697,2.6328202,83.794,8.587,8.77,1547384597114000,235,3
53295,48.8599655,2.6328194,83.796,8.509,8.59,1547384597169000,235,3
53350,48.8599614,2.6328185,83.782,8.433,8.51,1547384597224000,235,3
53405,48.8599574,2.6328176,83.804,8.373,8.43,1547384597279000,235,3
53460,48.8599535,2.6328168,83.829,8.297,8.37,1547384597334000,235,3
53515,48.8599496,2.632816,83.825,8.149,8.3,1547384597389000,235,3
53570,48.8599455,2.632815,83.791,8.117,8.15,1547384597444000,235,3
53625,48.8599416,2.6328135,83.777,8.088,8.12,1547384597499000,235,3
53680,48.8599378,2.632812,83.748,7.963,8.09,1547384597554000,235,3
53735,48.8599342,2.6328107,83.76,7.871,7.96,1547384597609000,235,3
53790,48.8599306,2.6328095,83.792,7.793,7.87,1547384597664000,235,3
53845,48.8599269,2.6328077,83.782,7.824,7.79,1547384597719000,235,3
53900,48.8599235,2.6328055,83.783,7.745,7.82,1547384597774000,235,3
53955,48.85992,2.632804,83.796,7.578,7.75,1547384597829000,235,3
54010,48.8599166,2.6328024,83.817,7.52,7.58,1547384597884000,235,3
54065,48.8599132,2.6328003,83.841,7.476,7.52,1547384597939000,235,3
54120,48.85991,2.6327983,83.866,7.385,7.48,1547384597994000,235,3
54175,48.8599066,2.6327967,83.852,7.286,7.39,1547384598049000,235,3
54230,48.859903,2.6327949,83.824,7.369,7.29,1547384598104000,235,3
54285,48.8598996,2.6327932,83.82,7.272,7.37,1547384598159000,235,3
54340,48.8598964,2.6327913,83.815,7.175,7.27,1547384598214000,235,3
54395,48.8598932,2.6327895,83.82,7.112,7.18,1547384598269000,235,3
54450,48.8598898,2.6327877,83.795,7.175,7.11,1547384598324000,235,3
54505,48.8598865,2.6327858,83.795,7.22,7.18,1547384598379000,235,3
54560,48.8598832,2.632784,83.812,7.337,7.22,1547384598434000,235,3
54615,48.85988,2.632782,83.84,7.309,7.34,1547384598489000,235,3
54670,48.8598768,2.6327801,83.859,7.264,7.31,1547384598544000,235,3
54725,48.8598735,2.6327783,83.857,7.188,7.26,1547384598599000,235,3
54780,48.8598703,2.6327766,83.86,7.163,7.19,1547384598654000,235,3
54835,48.859867,2.632775,83.885,7.183,7.16,1547384598709000,235,3
54890,48.8598637,2.6327732,83.885,7.155,7.18,1547384598764000,235,3
54945,48.8598604,2.6327716,83.92,7.103,7.16,1547384598819000,235,3
54999,48.8598571,2.6327698,83.941,7.075,7.1,1547384598873000,235,3
55054,48.859854,2.632768,83.959,7.017,7.08,1547384598928000,235,3
55109,48.8598508,2.632766,83.941,6.931,7.02,1547384598983000,235,3
55164,48.8598477,2.6327642,83.917,6.806,6.93,1547384599038000,235,3
55219,48.8598447,2.6327623,83.914,6.757,6.81,1547384599093000,235,3
55274,48.8598417,2.6327604,83.928,6.672,6.76,1547384599148000,235,3
55329,48.8598388,2.6327586,83.928,6.565,6.67,1547384599203000,235,3
55384,48.8598357,2.6327568,83.93,6.571,6.56,1547384599258000,235,3
55439,48.8598329,2.6327549,83.923,6.482,6.57,1547384599313000,235,3
55494,48.85983,2.6327528,83.904,6.445,6.48,1547384599368000,235,3
55550,48.8598271,2.6327508,83.909,6.447,6.45,1547384599424000,235,3
55604,48.8598241,2.632749,83.907,6.378,6.45,1547384599478000,235,3
55659,48.8598212,2.632747,83.894,6.383,6.38,1547384599533000,235,3
55714,48.8598182,2.6327451,83.903,6.421,6.38,1547384599588000,235,3
55770,48.8598151,2.6327433,83.913,6.453,6.42,1547384599644000,235,3
55824,48.859812,2.6327417,83.921,6.466,6.45,1547384599698000,235,3
55879,48.8598091,2.6327398,83.936,6.441,6.47,1547384599753000,235,3
55934,48.8598064,2.6327379,83.942,6.331,6.44,1547384599808000,235,3
